{"mean_spearman": 0.2388888888888889, "all_spearmans": [0.5833333333333334, -0.049999999999999996, 0.18333333333333335]}